{"angle": 1, "n_nodes": 100, "n_levels": 0, "speed": 10, "time": 0.05, "lift": [-180.44099999999997, -104.443, 16.5648, 8.14678, -4.29444, -8.9169, -6.396319999999999, -13.0547, -14.5706, -14.7338, -13.7575, -13.03], "drag": [534140.0, 31198.2, 7621.12, 4531.33, 3357.59, 2713.38, 2306.05, 2028.61, 1824.22, 1662.54, 1531.09, 1420.97]}