{"angle": 2, "n_nodes": 100, "n_levels": 0, "speed": 10, "time": 0.05, "lift": [-460.88300000000004, -112.637, 148.467, 116.72200000000001, 76.2028, 46.6814, 23.6666, 29.5888, 16.3762, 18.6311, 15.2931, 13.0805], "drag": [533919.0, 31327.8, 7452.66, 4425.26, 3295.69, 2683.76, 2294.88, 2004.79, 1811.66, 1655.4, 1529.52, 1421.1]}