{"angle": 4, "n_nodes": 100, "n_levels": 0, "speed": 10, "time": 0.05, "lift": [66.9104, 297.496, 63.477, 18.9911, -0.236046, -9.50639, -10.3409, -15.0359, -12.1643, -9.506680000000001, -15.3253], "drag": [490315.0, 27628.1, 7000.45, 4273.69, 3185.52, 2567.59, 2172.16, 1913.95, 1718.2, 1563.44, 1431.35]}